{"fragments": [{"start": 0, "end": 7.249999999999992, "fragment-type": "normal"}, {"start": 7.249999999999992, "end": 14.11666666666664, "fragment-type": "normal"}, {"start": 14.11666666666664, "end": 27.31666666666701, "fragment-type": "normal"}]}